id,md5,name,type,keyNo
02535e67b7cbb0e1236a6b1bb2f81e90,70dbe786100269e9677d0bd61a2b2bea,李哲,Person,11237796588023
bffad71f23073e72488aea2478cc91d5,effc35b47ffddd3a827233d60d351d9f,王通,Person,11237796588024
90006ec571429463f0f1675c3ba01215,82e868ba4576e2b75af71f7d5d99fadb,徐驰,Person,11237796588025
6f690a287c8a8495fae342ffc048b190,a053626e9a2962faa76114dfb6d3006f,范世铭,Person,11237796588026
941fb7725ce68dc1d4ce30abf5171653,4638f62dbaae1892e901cf67c253dab7,睢宏江,Person,11237796588027
10e867cc50becead9a6767973b85b75a,f95125c3fd7670c0763a53d22b11600c,廖蕾,Person,11237796588028
dc2cf1c5150612dc18c21b0ff1ff14d0,f1bdf44c8edeb66fa775e4c8cacd515a,许焕,Person,11237796588029
46725f29f23419130b84fc44931511a4,a1024d93a58ed373268cd30249522127,金鑫,Person,11237796588030
35653e515bc03adf83fee7c81deeff37,2974f97259f39006edc81326413177e8,何嘉丽,Person,11237796588031
1880339a2cfb4baa22cd03eacf5f3640,3bcd282037e521f7375fff5e22220f20,张霄,Person,11237796588032
df129bad9d787403def479d46eba653a,5c6f444fb11185520c81c820fc794289,朱新宇,Person,11237796588033
e0de2947012c6bc3fbfd616f9452c00a,a7ab41ff595e128a1f246c1ee60558c2,李奇,Person,11237796588034
214b6c0a2e483b556f7e5b628b0ca68c,990022897abe14e9fb2bc654508d7d5e,睢宏江,Person,11237796588035
718861ec1fab95275e8ae0d32e33f57d,98c8972e6a82af134d621f39e25150ca,卢彦蓉,Person,11237796588036
8858486cd2a8c4831cef0ab329543aed,45d8204ade764d5ba372fa2d0ccf3149,许明,Person,11237796588037
641de6f03b218d648771a35ca4c32f1a,23bb6079f0e02148753b344585b22e40,王华,Person,11237796588038
0a2ccdadd819d1b16c9b8c3f5ae9fe45,7938ecf77a91fb9917a1708fe81c8b7c,刘雷,Person,11237796588039
c4477864be4a7842537665a905985d47,14194ef6279d7e2ab28d0f804097fb20,龙小超,Person,11237796588040
b0f7b1cec492ce291d7c6b9fe3fd623b,80b81ddb00207486f74ff28b9d7fd55b,刘志骏,Person,11237796588041
b81404338d690e88df6e7cdaa4fcad50,9e7b99accca587238218fd911254c711,王艳,Person,11237796588042
04cdfe083c5d08a15fabb4aa63159c1c,1577f0b12b0b945ac2c6ef2942e4c9a8,王毅文,Person,11237796588043
532ce0bb40bf5efa07dd19c4f1bc931b,24a17c4dc23c6189924af19d619f9070,罗叶,Person,11237796588044
0a05e798ad1ad45e76c63979db71c5a4,5c08e3d9d25d46449ee2a180633878fe,马勇,Person,11237796588045
8db1629190c0614876ef397e2f92f88f,ad04eef99a7994e5acaebab47ef7b962,吴铭,Person,11237796588046
6585a335c0508d3ac6cf55e24838a895,400ccd153fb9b237871515e976a23bd8,茶世斌,Person,11237796588047
c0004698f7f269c40da598f90961075d,6ef2e20d524f1bf20b34f046339ae0b2,胡秀川,Person,11237796588048
f61a8dfb8713a01af75a9d000439d486,a897e66a1d87d3db70e360297b0c6b84,于勇,Person,11237796588049
9fbbec4829fcf0b3c5e51ed0a43e3f29,5f52f29e4db4872a165a6bfe107d983b,茶世斌,Person,11237796588050